Name	Task Progress	Gender	Rating	Color	Date Of Birth	Driver
Alan Francis	90	male	3	blue	07/08/1972	TRUE
Brendon Philips	100	male	1	orange	01/08/1980	
Christine Lobowski	42	female	0	green	22/05/1982	TRUE
Ed White	70	male	0	yellow	19/06/1976	
Emily Sykes	42	female	1	maroon	11/11/1970	
Emma Netwon	40	female	4	brown	07/10/1963	TRUE
Frank Harbours	38	male	4	red	12/05/1966	1
Gemma Jane	60	female	0	red	22/05/1982	TRUE
Hannah Farnsworth	30	female	1	pink	11/02/1991	
James Newman	73	male	5	red	22/03/1998	
Jamie Newhart	23	male	3	green	14/05/1985	TRUE
Jenny Green	56	female	4	indigo	12/11/1998	TRUE
John Phillips	80	male	1	green	24/09/1950	TRUE
Margret Marmajuke	16	female	5	yellow	31/01/1999	
Martin Barryman	20	male	5	violet	04/04/2001	
Mary May	1	female	2	blue	14/05/1982	TRUE
Oli Bob	12	male	1	red	19/02/1984	1
Paul Branderson	60	male	5	orange	01/01/1982	
Victoria Bath	20	female	2	purple	22/03/1986	